"comparison","estimate","pval","std_error","lower","upper"
"path - forest",-0.0653318669387453,0.887764946867033,0.0903229704165537,-0.297480424025177,0.166816690147686
"road - forest",-0.0737954123536727,0.84722802264622,0.0905209435264239,-0.306452800932097,0.158861976224751
"edge - forest",0.112058417414205,0.56514617586721,0.0864496266561025,-0.110134851876203,0.334251686704613
"road - path",-0.00846354541492744,0.999720879268276,0.0919806661781147,-0.244872720562965,0.22794562973311
"edge - path",0.177390284352951,0.181749973800771,0.0879769288985094,-0.0487284649141949,0.403509033620096
"edge - road",0.185853829767878,0.150394350737395,0.0881801699453214,-0.0407872906695308,0.412494950205287
