"comparison","estimate","pval","std_error","lower","upper"
"path - forest",-0.261808966844842,0.205787140016284,0.133981403120853,-0.606141041481008,0.0825231077913234
"road - forest",-0.0275726191341942,0.996953402412994,0.134493115753503,-0.373219794734476,0.318074556466088
"edge - forest",0.10906307840443,0.850476599561912,0.134894972729022,-0.237616869228868,0.455743026037729
"road - path",0.234236347710648,0.300577331346669,0.134274236684696,-0.110848308897437,0.579321004318732
"edge - path",0.370872045249272,0.0295101528940677,0.134408908814001,0.0254412814009363,0.716302809097608
"edge - road",0.136635697538624,0.744275099652469,0.135443939100322,-0.211455093130589,0.484726488207837
