"comparison","estimate","pval","std_error","lower","upper"
"path - forest",-0.0265945640990608,0.273090936397013,0.0147714649527454,-0.064554601004008,0.0113654728058864
"road - forest",-0.00189264650895616,0.999249050750172,0.0147709685995021,-0.0398514078743752,0.0360661148564629
"edge - forest",0.039973669554579,0.0343383227660975,0.0147709337568291,0.00201499772863056,0.0779323413805275
"road - path",0.0247019175901046,0.338434969077709,0.0147717960164684,-0.0132589700897104,0.0626628052699197
"edge - path",0.0665682336536398,3.8315397354105e-05,0.0147715444720486,0.028607992398231,0.104528474909049
"edge - road",0.0418663160635352,0.0236423061749285,0.0147705010613075,0.00390875618809562,0.0798238759389747
