"comparison","estimate","pval","std_error","lower","upper"
"path - forest",-0.0601635626487445,0.328689202133352,0.0355900838464991,-0.151690741148589,0.0313636158511001
"road - forest",-0.00141660092744805,0.999977362730267,0.0355894028120018,-0.0929420280078169,0.0901088261529208
"edge - forest",0.0619231183387552,0.303373431643423,0.0356053836618499,-0.0296434067649544,0.153489643442465
"road - path",0.0587469617212965,0.350068635118769,0.0355857465372341,-0.0327690625008282,0.150262985943421
"edge - path",0.1220866809875,0.00359779377537051,0.0355993000423679,0.0305358011553397,0.21363756081966
"edge - road",0.0633397192662033,0.283491741085186,0.0356088066204808,-0.0282356086755936,0.154915047208
