"comparison","estimate","pval","std_error","lower","upper"
"path - forest",-0.0398324915193912,0.594536234241547,0.0318513114335475,-0.121748053651592,0.0420830706128093
"road - forest",-0.0356351902161256,0.678099592111887,0.0318600491724987,-0.117573224163951,0.0463028437317
"edge - forest",0.0468225799729961,0.455956869746229,0.0318594900139149,-0.0351140159244744,0.128759175870467
"road - path",0.00419730130326556,0.999184615189863,0.0318671463424663,-0.077758985226362,0.0861535878328931
"edge - path",0.0866550714923873,0.033028256959044,0.0318643581670395,0.00470595562378201,0.168604187360993
"edge - road",0.0824577701891217,0.0478650014915374,0.0318779853989946,0.000473607651614361,0.164441932726629
