"comparison","estimate","pval","std_error","lower","upper"
"path - forest",-0.105664852863622,0.500125088410191,0.0755537641528462,-0.299664790677598,0.0883350849503553
"road - forest",-0.130055495820525,0.318111285797401,0.0760431609522263,-0.325312061278546,0.0652010696374968
"edge - forest",-0.0163947150385625,0.996138406941092,0.0738359868585777,-0.205983903871295,0.17319447379417
"road - path",-0.0243906429569032,0.989407291670942,0.0779991591053567,-0.224669638790517,0.17588835287671
"edge - path",0.0892701378250591,0.64137594211171,0.0758489269706609,-0.105487691656436,0.284027967306554
"edge - road",0.113660780781962,0.444046358345796,0.0763364323700119,-0.0823488197822642,0.309670381346189
